

INSERT INTO T_OD_REF_DATA_CATEGORIES (REF_DATA_CAT_NAME, REF_DATA_CAT_DESC) VALUES ('Community', 'Dump site community');
INSERT INTO T_OD_REF_DATA_CATEGORIES (REF_DATA_CAT_NAME, REF_DATA_CAT_DESC) VALUES ('Site Setting', 'Indicates the setting of the site');
INSERT INTO T_OD_REF_DATA_CATEGORIES (REF_DATA_CAT_NAME, REF_DATA_CAT_DESC) VALUES ('Inspection Type', 'Type of Inspection');

INSERT INTO T_OD_REF_DATA (REF_DATA_NAME, REF_DATA_CAT_NAME, CREATE_DT) VALUES ('Urban', 'Site Setting', GETDATE());
INSERT INTO T_OD_REF_DATA (REF_DATA_NAME, REF_DATA_CAT_NAME, CREATE_DT) VALUES ('Rural', 'Site Setting', GETDATE());

INSERT INTO T_OD_REF_DATA (REF_DATA_NAME, REF_DATA_CAT_NAME, CREATE_DT) VALUES ('Initial Assessment', 'Inspection Type', GETDATE());
INSERT INTO T_OD_REF_DATA (REF_DATA_NAME, REF_DATA_CAT_NAME, CREATE_DT) VALUES ('Annual Review', 'Inspection Type', GETDATE());
INSERT INTO T_OD_REF_DATA (REF_DATA_NAME, REF_DATA_CAT_NAME, CREATE_DT) VALUES ('Final Review', 'Inspection Type', GETDATE());

INSERT INTO T_OD_REF_DATA (ORG_ID, REF_DATA_NAME, REF_DATA_CAT_NAME, CREATE_DT) VALUES ('MCNCREEK', 'BACONE (OK51671)','Community', GETDATE());
INSERT INTO T_OD_REF_DATA (ORG_ID, REF_DATA_NAME, REF_DATA_CAT_NAME, CREATE_DT) VALUES ('MCNCREEK', 'BEARDEN (OK54705)','Community', GETDATE());
INSERT INTO T_OD_REF_DATA (ORG_ID, REF_DATA_NAME, REF_DATA_CAT_NAME, CREATE_DT) VALUES ('MCNCREEK', 'BEGGS (OK56732)','Community', GETDATE());
INSERT INTO T_OD_REF_DATA (ORG_ID, REF_DATA_NAME, REF_DATA_CAT_NAME, CREATE_DT) VALUES ('MCNCREEK', 'BIXBY (OK72936)','Community', GETDATE());
INSERT INTO T_OD_REF_DATA (ORG_ID, REF_DATA_NAME, REF_DATA_CAT_NAME, CREATE_DT) VALUES ('MCNCREEK', 'BOLEY (OK54706)','Community', GETDATE());
INSERT INTO T_OD_REF_DATA (ORG_ID, REF_DATA_NAME, REF_DATA_CAT_NAME, CREATE_DT) VALUES ('MCNCREEK', 'BOWDEN (OK19275)','Community', GETDATE());
INSERT INTO T_OD_REF_DATA (ORG_ID, REF_DATA_NAME, REF_DATA_CAT_NAME, CREATE_DT) VALUES ('MCNCREEK', 'BOYNTON (OK51672)','Community', GETDATE());
INSERT INTO T_OD_REF_DATA (ORG_ID, REF_DATA_NAME, REF_DATA_CAT_NAME, CREATE_DT) VALUES ('MCNCREEK', 'BRISTOW (OK19276)','Community', GETDATE());
INSERT INTO T_OD_REF_DATA (ORG_ID, REF_DATA_NAME, REF_DATA_CAT_NAME, CREATE_DT) VALUES ('MCNCREEK', 'BROKEN ARROW (OK72937)','Community', GETDATE());
INSERT INTO T_OD_REF_DATA (ORG_ID, REF_DATA_NAME, REF_DATA_CAT_NAME, CREATE_DT) VALUES ('MCNCREEK', 'CASTLE (OK54707)','Community', GETDATE());
INSERT INTO T_OD_REF_DATA (ORG_ID, REF_DATA_NAME, REF_DATA_CAT_NAME, CREATE_DT) VALUES ('MCNCREEK', 'CHECOTAH (OK46612)','Community', GETDATE());
INSERT INTO T_OD_REF_DATA (ORG_ID, REF_DATA_NAME, REF_DATA_CAT_NAME, CREATE_DT) VALUES ('MCNCREEK', 'CLARKSVILLE (OK73153)','Community', GETDATE());
INSERT INTO T_OD_REF_DATA (ORG_ID, REF_DATA_NAME, REF_DATA_CAT_NAME, CREATE_DT) VALUES ('MCNCREEK', 'CLEARVIEW (OK54708)','Community', GETDATE());
INSERT INTO T_OD_REF_DATA (ORG_ID, REF_DATA_NAME, REF_DATA_CAT_NAME, CREATE_DT) VALUES ('MCNCREEK', 'COUNCIL HILL (OK51675)','Community', GETDATE());
INSERT INTO T_OD_REF_DATA (ORG_ID, REF_DATA_NAME, REF_DATA_CAT_NAME, CREATE_DT) VALUES ('MCNCREEK', 'COWETA (OK73950)','Community', GETDATE());
INSERT INTO T_OD_REF_DATA (ORG_ID, REF_DATA_NAME, REF_DATA_CAT_NAME, CREATE_DT) VALUES ('MCNCREEK', 'CREEK-CO (OK19999)','Community', GETDATE());
INSERT INTO T_OD_REF_DATA (ORG_ID, REF_DATA_NAME, REF_DATA_CAT_NAME, CREATE_DT) VALUES ('MCNCREEK', 'CROMWELL (OK67886)','Community', GETDATE());
INSERT INTO T_OD_REF_DATA (ORG_ID, REF_DATA_NAME, REF_DATA_CAT_NAME, CREATE_DT) VALUES ('MCNCREEK', 'DEPEW (OK19277)','Community', GETDATE());
INSERT INTO T_OD_REF_DATA (ORG_ID, REF_DATA_NAME, REF_DATA_CAT_NAME, CREATE_DT) VALUES ('MCNCREEK', 'DEWAR (OK56733)','Community', GETDATE());
INSERT INTO T_OD_REF_DATA (ORG_ID, REF_DATA_NAME, REF_DATA_CAT_NAME, CREATE_DT) VALUES ('MCNCREEK', 'DRUMRIGHT (OK19278)','Community', GETDATE());
INSERT INTO T_OD_REF_DATA (ORG_ID, REF_DATA_NAME, REF_DATA_CAT_NAME, CREATE_DT) VALUES ('MCNCREEK', 'DUSTIN (OK32424)','Community', GETDATE());
INSERT INTO T_OD_REF_DATA (ORG_ID, REF_DATA_NAME, REF_DATA_CAT_NAME, CREATE_DT) VALUES ('MCNCREEK', 'EUFAULA (OK46613)','Community', GETDATE());
INSERT INTO T_OD_REF_DATA (ORG_ID, REF_DATA_NAME, REF_DATA_CAT_NAME, CREATE_DT) VALUES ('MCNCREEK', 'EUFAULA BIA (OK46614)','Community', GETDATE());
INSERT INTO T_OD_REF_DATA (ORG_ID, REF_DATA_NAME, REF_DATA_CAT_NAME, CREATE_DT) VALUES ('MCNCREEK', 'FAME (OK46615)','Community', GETDATE());
INSERT INTO T_OD_REF_DATA (ORG_ID, REF_DATA_NAME, REF_DATA_CAT_NAME, CREATE_DT) VALUES ('MCNCREEK', 'GLENPOOL (OK72939)','Community', GETDATE());
INSERT INTO T_OD_REF_DATA (ORG_ID, REF_DATA_NAME, REF_DATA_CAT_NAME, CREATE_DT) VALUES ('MCNCREEK', 'HANNA (OK46616)','Community', GETDATE());
INSERT INTO T_OD_REF_DATA (ORG_ID, REF_DATA_NAME, REF_DATA_CAT_NAME, CREATE_DT) VALUES ('MCNCREEK', 'HASKELL (OK51677)','Community', GETDATE());
INSERT INTO T_OD_REF_DATA (ORG_ID, REF_DATA_NAME, REF_DATA_CAT_NAME, CREATE_DT) VALUES ('MCNCREEK', 'HENRYETTA (OK56734)','Community', GETDATE());
INSERT INTO T_OD_REF_DATA (ORG_ID, REF_DATA_NAME, REF_DATA_CAT_NAME, CREATE_DT) VALUES ('MCNCREEK', 'HITCHITA (OK46617)','Community', GETDATE());
INSERT INTO T_OD_REF_DATA (ORG_ID, REF_DATA_NAME, REF_DATA_CAT_NAME, CREATE_DT) VALUES ('MCNCREEK', 'HOFFMAN (OK56735)','Community', GETDATE());
INSERT INTO T_OD_REF_DATA (ORG_ID, REF_DATA_NAME, REF_DATA_CAT_NAME, CREATE_DT) VALUES ('MCNCREEK', 'HOLDENVILLE (OK32426)','Community', GETDATE());
INSERT INTO T_OD_REF_DATA (ORG_ID, REF_DATA_NAME, REF_DATA_CAT_NAME, CREATE_DT) VALUES ('MCNCREEK', 'HUGHES-CO (OK32999)','Community', GETDATE());
INSERT INTO T_OD_REF_DATA (ORG_ID, REF_DATA_NAME, REF_DATA_CAT_NAME, CREATE_DT) VALUES ('MCNCREEK', 'INOLA (OK66880)','Community', GETDATE());
INSERT INTO T_OD_REF_DATA (ORG_ID, REF_DATA_NAME, REF_DATA_CAT_NAME, CREATE_DT) VALUES ('MCNCREEK', 'JENKS (OK72940)','Community', GETDATE());
INSERT INTO T_OD_REF_DATA (ORG_ID, REF_DATA_NAME, REF_DATA_CAT_NAME, CREATE_DT) VALUES ('MCNCREEK', 'KELLYVILLE (OK19279)','Community', GETDATE());
INSERT INTO T_OD_REF_DATA (ORG_ID, REF_DATA_NAME, REF_DATA_CAT_NAME, CREATE_DT) VALUES ('MCNCREEK', 'KIEFER (OK19280)','Community', GETDATE());
INSERT INTO T_OD_REF_DATA (ORG_ID, REF_DATA_NAME, REF_DATA_CAT_NAME, CREATE_DT) VALUES ('MCNCREEK', 'LAMAR (OK32427)','Community', GETDATE());
INSERT INTO T_OD_REF_DATA (ORG_ID, REF_DATA_NAME, REF_DATA_CAT_NAME, CREATE_DT) VALUES ('MCNCREEK', 'LENNA (OK46618)','Community', GETDATE());
INSERT INTO T_OD_REF_DATA (ORG_ID, REF_DATA_NAME, REF_DATA_CAT_NAME, CREATE_DT) VALUES ('MCNCREEK', 'MANNFORD (OK19281)','Community', GETDATE());
INSERT INTO T_OD_REF_DATA (ORG_ID, REF_DATA_NAME, REF_DATA_CAT_NAME, CREATE_DT) VALUES ('MCNCREEK', 'MASON (OK54709)','Community', GETDATE());
INSERT INTO T_OD_REF_DATA (ORG_ID, REF_DATA_NAME, REF_DATA_CAT_NAME, CREATE_DT) VALUES ('MCNCREEK', 'MAYES-CO (OK49999)','Community', GETDATE());
INSERT INTO T_OD_REF_DATA (ORG_ID, REF_DATA_NAME, REF_DATA_CAT_NAME, CREATE_DT) VALUES ('MCNCREEK', 'MAZIE (OK49655)','Community', GETDATE());
INSERT INTO T_OD_REF_DATA (ORG_ID, REF_DATA_NAME, REF_DATA_CAT_NAME, CREATE_DT) VALUES ('MCNCREEK', 'MCINTOSH-CO (OK46999)','Community', GETDATE());
INSERT INTO T_OD_REF_DATA (ORG_ID, REF_DATA_NAME, REF_DATA_CAT_NAME, CREATE_DT) VALUES ('MCNCREEK', 'MILFAY (OK19282)','Community', GETDATE());
INSERT INTO T_OD_REF_DATA (ORG_ID, REF_DATA_NAME, REF_DATA_CAT_NAME, CREATE_DT) VALUES ('MCNCREEK', 'MORRIS (OK56736)','Community', GETDATE());
INSERT INTO T_OD_REF_DATA (ORG_ID, REF_DATA_NAME, REF_DATA_CAT_NAME, CREATE_DT) VALUES ('MCNCREEK', 'MOUNDS (OK19283)','Community', GETDATE());
INSERT INTO T_OD_REF_DATA (ORG_ID, REF_DATA_NAME, REF_DATA_CAT_NAME, CREATE_DT) VALUES ('MCNCREEK', 'MUSKOGEE (OK51679)','Community', GETDATE());
INSERT INTO T_OD_REF_DATA (ORG_ID, REF_DATA_NAME, REF_DATA_CAT_NAME, CREATE_DT) VALUES ('MCNCREEK', 'MUSKOGEE-CO (OK51999)','Community', GETDATE());
INSERT INTO T_OD_REF_DATA (ORG_ID, REF_DATA_NAME, REF_DATA_CAT_NAME, CREATE_DT) VALUES ('MCNCREEK', 'OAKHURST (OK72942)','Community', GETDATE());
INSERT INTO T_OD_REF_DATA (ORG_ID, REF_DATA_NAME, REF_DATA_CAT_NAME, CREATE_DT) VALUES ('MCNCREEK', 'OILTON (OK19284)','Community', GETDATE());
INSERT INTO T_OD_REF_DATA (ORG_ID, REF_DATA_NAME, REF_DATA_CAT_NAME, CREATE_DT) VALUES ('MCNCREEK', 'OKEMAH (OK54710)','Community', GETDATE());
INSERT INTO T_OD_REF_DATA (ORG_ID, REF_DATA_NAME, REF_DATA_CAT_NAME, CREATE_DT) VALUES ('MCNCREEK', 'OKFUSKEE-CO (OK54999)','Community', GETDATE());
INSERT INTO T_OD_REF_DATA (ORG_ID, REF_DATA_NAME, REF_DATA_CAT_NAME, CREATE_DT) VALUES ('MCNCREEK', 'OKLA STATE (OK99999)','Community', GETDATE());
INSERT INTO T_OD_REF_DATA (ORG_ID, REF_DATA_NAME, REF_DATA_CAT_NAME, CREATE_DT) VALUES ('MCNCREEK', 'OKMULGEE (OK56737)','Community', GETDATE());
INSERT INTO T_OD_REF_DATA (ORG_ID, REF_DATA_NAME, REF_DATA_CAT_NAME, CREATE_DT) VALUES ('MCNCREEK', 'OKMULGEE-CO (OK56999)c','Community', GETDATE());
INSERT INTO T_OD_REF_DATA (ORG_ID, REF_DATA_NAME, REF_DATA_CAT_NAME, CREATE_DT) VALUES ('MCNCREEK', 'OKTAHA (OK51680)','Community', GETDATE());
INSERT INTO T_OD_REF_DATA (ORG_ID, REF_DATA_NAME, REF_DATA_CAT_NAME, CREATE_DT) VALUES ('MCNCREEK', 'PADEN (OK54711)','Community', GETDATE());
INSERT INTO T_OD_REF_DATA (ORG_ID, REF_DATA_NAME, REF_DATA_CAT_NAME, CREATE_DT) VALUES ('MCNCREEK', 'PHAROAH (OK54712)','Community', GETDATE());
INSERT INTO T_OD_REF_DATA (ORG_ID, REF_DATA_NAME, REF_DATA_CAT_NAME, CREATE_DT) VALUES ('MCNCREEK', 'PIERCE (OK46619)','Community', GETDATE());
INSERT INTO T_OD_REF_DATA (ORG_ID, REF_DATA_NAME, REF_DATA_CAT_NAME, CREATE_DT) VALUES ('MCNCREEK', 'PORTER (OK73952)','Community', GETDATE());
INSERT INTO T_OD_REF_DATA (ORG_ID, REF_DATA_NAME, REF_DATA_CAT_NAME, CREATE_DT) VALUES ('MCNCREEK', 'PRESTON (OK56738)','Community', GETDATE());
INSERT INTO T_OD_REF_DATA (ORG_ID, REF_DATA_NAME, REF_DATA_CAT_NAME, CREATE_DT) VALUES ('MCNCREEK', 'RED BIRD (OK73953)','Community', GETDATE());
INSERT INTO T_OD_REF_DATA (ORG_ID, REF_DATA_NAME, REF_DATA_CAT_NAME, CREATE_DT) VALUES ('MCNCREEK', 'RENITESVILLE (OK46620)','Community', GETDATE());
INSERT INTO T_OD_REF_DATA (ORG_ID, REF_DATA_NAME, REF_DATA_CAT_NAME, CREATE_DT) VALUES ('MCNCREEK', 'ROGERS-CO (OK66999)','Community', GETDATE());
INSERT INTO T_OD_REF_DATA (ORG_ID, REF_DATA_NAME, REF_DATA_CAT_NAME, CREATE_DT) VALUES ('MCNCREEK', 'SAND SPRINGS (OK72944)','Community', GETDATE());
INSERT INTO T_OD_REF_DATA (ORG_ID, REF_DATA_NAME, REF_DATA_CAT_NAME, CREATE_DT) VALUES ('MCNCREEK', 'SAPULPA (OK19285)','Community', GETDATE());
INSERT INTO T_OD_REF_DATA (ORG_ID, REF_DATA_NAME, REF_DATA_CAT_NAME, CREATE_DT) VALUES ('MCNCREEK', 'SCHULTER (OK56739)','Community', GETDATE());
INSERT INTO T_OD_REF_DATA (ORG_ID, REF_DATA_NAME, REF_DATA_CAT_NAME, CREATE_DT) VALUES ('MCNCREEK', 'SEMINOLE-CO (OK67999)','Community', GETDATE());
INSERT INTO T_OD_REF_DATA (ORG_ID, REF_DATA_NAME, REF_DATA_CAT_NAME, CREATE_DT) VALUES ('MCNCREEK', 'SHAMROCK (OK19286)','Community', GETDATE());
INSERT INTO T_OD_REF_DATA (ORG_ID, REF_DATA_NAME, REF_DATA_CAT_NAME, CREATE_DT) VALUES ('MCNCREEK', 'SLICK (OK19287)','Community', GETDATE());
INSERT INTO T_OD_REF_DATA (ORG_ID, REF_DATA_NAME, REF_DATA_CAT_NAME, CREATE_DT) VALUES ('MCNCREEK', 'SPAULDING (OK32428)','Community', GETDATE());
INSERT INTO T_OD_REF_DATA (ORG_ID, REF_DATA_NAME, REF_DATA_CAT_NAME, CREATE_DT) VALUES ('MCNCREEK', 'STIDHAM (OK46621)','Community', GETDATE());
INSERT INTO T_OD_REF_DATA (ORG_ID, REF_DATA_NAME, REF_DATA_CAT_NAME, CREATE_DT) VALUES ('MCNCREEK', 'TAFT (OK51682)','Community', GETDATE());
INSERT INTO T_OD_REF_DATA (ORG_ID, REF_DATA_NAME, REF_DATA_CAT_NAME, CREATE_DT) VALUES ('MCNCREEK', 'TULLAHASSEE (OK73954)','Community', GETDATE());
INSERT INTO T_OD_REF_DATA (ORG_ID, REF_DATA_NAME, REF_DATA_CAT_NAME, CREATE_DT) VALUES ('MCNCREEK', 'TULSA - RURAL (OK72948)','Community', GETDATE());
INSERT INTO T_OD_REF_DATA (ORG_ID, REF_DATA_NAME, REF_DATA_CAT_NAME, CREATE_DT) VALUES ('MCNCREEK', 'TULSA - URBAN (OK72947)','Community', GETDATE());
INSERT INTO T_OD_REF_DATA (ORG_ID, REF_DATA_NAME, REF_DATA_CAT_NAME, CREATE_DT) VALUES ('MCNCREEK', 'TULSA-CO (OK72999)','Community', GETDATE());
INSERT INTO T_OD_REF_DATA (ORG_ID, REF_DATA_NAME, REF_DATA_CAT_NAME, CREATE_DT) VALUES ('MCNCREEK', 'TWIN HILLS (OK56741)','Community', GETDATE());
INSERT INTO T_OD_REF_DATA (ORG_ID, REF_DATA_NAME, REF_DATA_CAT_NAME, CREATE_DT) VALUES ('MCNCREEK', 'VERNON (OK46622)','Community', GETDATE());
INSERT INTO T_OD_REF_DATA (ORG_ID, REF_DATA_NAME, REF_DATA_CAT_NAME, CREATE_DT) VALUES ('MCNCREEK', 'WAGONER (OK73955)','Community', GETDATE());
INSERT INTO T_OD_REF_DATA (ORG_ID, REF_DATA_NAME, REF_DATA_CAT_NAME, CREATE_DT) VALUES ('MCNCREEK', 'WAGONER-CO (OK73999)','Community', GETDATE());
INSERT INTO T_OD_REF_DATA (ORG_ID, REF_DATA_NAME, REF_DATA_CAT_NAME, CREATE_DT) VALUES ('MCNCREEK', 'WAINRIGHT (OK51683)','Community', GETDATE());
INSERT INTO T_OD_REF_DATA (ORG_ID, REF_DATA_NAME, REF_DATA_CAT_NAME, CREATE_DT) VALUES ('MCNCREEK', 'WELEETKA (OK54713)','Community', GETDATE());
INSERT INTO T_OD_REF_DATA (ORG_ID, REF_DATA_NAME, REF_DATA_CAT_NAME, CREATE_DT) VALUES ('MCNCREEK', 'WELTY (OK54714)','Community', GETDATE());
INSERT INTO T_OD_REF_DATA (ORG_ID, REF_DATA_NAME, REF_DATA_CAT_NAME, CREATE_DT) VALUES ('MCNCREEK', 'WETUMKA (OK32430)','Community', GETDATE());
INSERT INTO T_OD_REF_DATA (ORG_ID, REF_DATA_NAME, REF_DATA_CAT_NAME, CREATE_DT) VALUES ('MCNCREEK', 'YEAGER (OK32431)','Community', GETDATE());




INSERT INTO T_PRT_REF_DOC_TYPE (DOC_TYPE,DOC_TYPE_DESC,ACT_IND,CREATE_DT) VALUES ('Open Dump-Assess File', 'Files associated with an Open Dump Assessment', 1, GetDate());
INSERT INTO T_PRT_REF_DOC_TYPE (DOC_TYPE,DOC_TYPE_DESC,ACT_IND,CREATE_DT) VALUES ('Open Dump-Assess Photo', 'Photos associated with an Open Dump Assessment', 1, GetDate());
